BehaviorSpace results (NetLogo 5.2.0),,,,,,,,,,,,,,,,,
marcs_dday.nlogo,,,,,,,,,,,,,,,,,
emsoft3dday1,,,,,,,,,,,,,,,,,
04/18/2559 14:41:24:986 +0700,,,,,,,,,,,,,,,,,
min-pxcor,max-pxcor,min-pycor,max-pycor,,,,,,,,,,,,,,
-20,20,-20,20,,,,,,,,,,,,,,
[run number],max-count-send,adversaries-rate,start-cut,number-workers,workers-probability,adversaries-type,problem-label,area.x,area.y,label-level,data-fusion,reputation-algorithm,use-cut-worker-by-penalty?,cut-workers-per-round,show-penalty?,[step],sum-correctness / floor(ticks / update-ticks)
5,2,15,5,100,100,"""3. perfect""","""random""",10,10,"""2 Levels""","""EM Algorithm""","""Soft Penalty""",true,1,false,1441,77.3084349593
6,2,15,5,100,100,"""3. perfect""","""random""",10,10,"""2 Levels""","""EM Algorithm""","""Soft Penalty""",true,1,false,1441,81.3376436782
7,2,15,5,100,100,"""3. perfect""","""random""",10,10,"""2 Levels""","""EM Algorithm""","""Soft Penalty""",true,1,false,1441,81.070251938
3,2,15,5,100,100,"""3. perfect""","""random""",10,10,"""2 Levels""","""EM Algorithm""","""Soft Penalty""",true,1,false,1441,79.699695122
2,2,15,5,100,100,"""3. perfect""","""random""",10,10,"""2 Levels""","""EM Algorithm""","""Soft Penalty""",true,1,false,1441,83.0377747253
8,2,15,5,100,100,"""3. perfect""","""random""",10,10,"""2 Levels""","""EM Algorithm""","""Soft Penalty""",true,1,false,1441,83.4952651515
4,2,15,5,100,100,"""3. perfect""","""random""",10,10,"""2 Levels""","""EM Algorithm""","""Soft Penalty""",true,1,false,1441,79.5904535865
1,2,15,5,100,100,"""3. perfect""","""random""",10,10,"""2 Levels""","""EM Algorithm""","""Soft Penalty""",true,1,false,1441,77.8152610442
9,2,15,5,100,100,"""3. perfect""","""random""",10,10,"""2 Levels""","""EM Algorithm""","""Soft Penalty""",true,1,false,1441,85.5887172285
10,2,15,5,100,100,"""3. perfect""","""random""",10,10,"""2 Levels""","""EM Algorithm""","""Soft Penalty""",true,1,false,1441,83.6668956044
11,2,15,5,100,100,"""3. perfect""","""random""",10,10,"""2 Levels""","""EM Algorithm""","""Soft Penalty""",true,1,false,1441,81.2242509363
12,2,15,5,100,100,"""3. perfect""","""random""",10,10,"""2 Levels""","""EM Algorithm""","""Soft Penalty""",true,1,false,1441,83.3680555556
14,2,15,5,100,100,"""3. perfect""","""random""",10,10,"""2 Levels""","""EM Algorithm""","""Soft Penalty""",true,1,false,1441,80.0509259259
13,2,15,5,100,100,"""3. perfect""","""random""",10,10,"""2 Levels""","""EM Algorithm""","""Soft Penalty""",true,1,false,1441,84.9764492754
15,2,15,5,100,100,"""3. perfect""","""random""",10,10,"""2 Levels""","""EM Algorithm""","""Soft Penalty""",true,1,false,1441,80.0674019608
16,2,15,5,100,100,"""3. perfect""","""random""",10,10,"""2 Levels""","""EM Algorithm""","""Soft Penalty""",true,1,false,1441,82.9895833333
17,2,15,5,100,100,"""3. perfect""","""random""",10,10,"""2 Levels""","""EM Algorithm""","""Soft Penalty""",true,1,false,1441,80.4456928839
21,2,15,5,100,100,"""3. perfect""","""random""",10,10,"""2 Levels""","""EM Algorithm""","""Soft Penalty""",true,1,false,1441,76.2735943775
18,2,15,5,100,100,"""3. perfect""","""random""",10,10,"""2 Levels""","""EM Algorithm""","""Soft Penalty""",true,1,false,1441,84.9564393939
19,2,15,5,100,100,"""3. perfect""","""random""",10,10,"""2 Levels""","""EM Algorithm""","""Soft Penalty""",true,1,false,1441,78.8570675105
22,2,15,5,100,100,"""3. perfect""","""random""",10,10,"""2 Levels""","""EM Algorithm""","""Soft Penalty""",true,1,false,1441,82.1074297189
20,2,15,5,100,100,"""3. perfect""","""random""",10,10,"""2 Levels""","""EM Algorithm""","""Soft Penalty""",true,1,false,1441,83.4750957854
23,2,15,5,100,100,"""3. perfect""","""random""",10,10,"""2 Levels""","""EM Algorithm""","""Soft Penalty""",true,1,false,1441,82.0700301205
24,2,15,5,100,100,"""3. perfect""","""random""",10,10,"""2 Levels""","""EM Algorithm""","""Soft Penalty""",true,1,false,1441,81.9305555556
25,2,15,5,100,100,"""3. perfect""","""random""",10,10,"""2 Levels""","""EM Algorithm""","""Soft Penalty""",true,1,false,1441,78.1438492063
26,2,15,5,100,100,"""3. perfect""","""random""",10,10,"""2 Levels""","""EM Algorithm""","""Soft Penalty""",true,1,false,1441,87.0932971014
29,2,15,5,100,100,"""3. perfect""","""random""",10,10,"""2 Levels""","""EM Algorithm""","""Soft Penalty""",true,1,false,1441,81.5313697318
27,2,15,5,100,100,"""3. perfect""","""random""",10,10,"""2 Levels""","""EM Algorithm""","""Soft Penalty""",true,1,false,1441,84.1386494253
28,2,15,5,100,100,"""3. perfect""","""random""",10,10,"""2 Levels""","""EM Algorithm""","""Soft Penalty""",true,1,false,1441,82.415546595
30,2,15,5,100,100,"""3. perfect""","""random""",10,10,"""2 Levels""","""EM Algorithm""","""Soft Penalty""",true,1,false,1441,84.7294007491
31,4,15,5,100,100,"""3. perfect""","""random""",10,10,"""2 Levels""","""EM Algorithm""","""Soft Penalty""",true,1,false,1441,92.4791666667
32,4,15,5,100,100,"""3. perfect""","""random""",10,10,"""2 Levels""","""EM Algorithm""","""Soft Penalty""",true,1,false,1441,86.0143900344
33,4,15,5,100,100,"""3. perfect""","""random""",10,10,"""2 Levels""","""EM Algorithm""","""Soft Penalty""",true,1,false,1441,88.8726851852
34,4,15,5,100,100,"""3. perfect""","""random""",10,10,"""2 Levels""","""EM Algorithm""","""Soft Penalty""",true,1,false,1441,91.0833333333
35,4,15,5,100,100,"""3. perfect""","""random""",10,10,"""2 Levels""","""EM Algorithm""","""Soft Penalty""",true,1,false,1441,92.4770408163
36,4,15,5,100,100,"""3. perfect""","""random""",10,10,"""2 Levels""","""EM Algorithm""","""Soft Penalty""",true,1,false,1441,89.5416666667
38,4,15,5,100,100,"""3. perfect""","""random""",10,10,"""2 Levels""","""EM Algorithm""","""Soft Penalty""",true,1,false,1441,92.7916666667
37,4,15,5,100,100,"""3. perfect""","""random""",10,10,"""2 Levels""","""EM Algorithm""","""Soft Penalty""",true,1,false,1441,84.0963541667
39,4,15,5,100,100,"""3. perfect""","""random""",10,10,"""2 Levels""","""EM Algorithm""","""Soft Penalty""",true,1,false,1441,92.4353741497
41,4,15,5,100,100,"""3. perfect""","""random""",10,10,"""2 Levels""","""EM Algorithm""","""Soft Penalty""",true,1,false,1441,92.7695578231
40,4,15,5,100,100,"""3. perfect""","""random""",10,10,"""2 Levels""","""EM Algorithm""","""Soft Penalty""",true,1,false,1441,93.4759450172
42,4,15,5,100,100,"""3. perfect""","""random""",10,10,"""2 Levels""","""EM Algorithm""","""Soft Penalty""",true,1,false,1441,91.6215277778
43,4,15,5,100,100,"""3. perfect""","""random""",10,10,"""2 Levels""","""EM Algorithm""","""Soft Penalty""",true,1,false,1441,87.4930555556
44,4,15,5,100,100,"""3. perfect""","""random""",10,10,"""2 Levels""","""EM Algorithm""","""Soft Penalty""",true,1,false,1441,90.2222222222
45,4,15,5,100,100,"""3. perfect""","""random""",10,10,"""2 Levels""","""EM Algorithm""","""Soft Penalty""",true,1,false,1441,94.8945578231
46,4,15,5,100,100,"""3. perfect""","""random""",10,10,"""2 Levels""","""EM Algorithm""","""Soft Penalty""",true,1,false,1441,90.4957482993
47,4,15,5,100,100,"""3. perfect""","""random""",10,10,"""2 Levels""","""EM Algorithm""","""Soft Penalty""",true,1,false,1441,85.8356227106
48,4,15,5,100,100,"""3. perfect""","""random""",10,10,"""2 Levels""","""EM Algorithm""","""Soft Penalty""",true,1,false,1441,91.1041666667
50,4,15,5,100,100,"""3. perfect""","""random""",10,10,"""2 Levels""","""EM Algorithm""","""Soft Penalty""",true,1,false,1441,89.891967354
49,4,15,5,100,100,"""3. perfect""","""random""",10,10,"""2 Levels""","""EM Algorithm""","""Soft Penalty""",true,1,false,1441,92.6432560137
51,4,15,5,100,100,"""3. perfect""","""random""",10,10,"""2 Levels""","""EM Algorithm""","""Soft Penalty""",true,1,false,1441,94.1866582492
52,4,15,5,100,100,"""3. perfect""","""random""",10,10,"""2 Levels""","""EM Algorithm""","""Soft Penalty""",true,1,false,1441,87.8520622896
53,4,15,5,100,100,"""3. perfect""","""random""",10,10,"""2 Levels""","""EM Algorithm""","""Soft Penalty""",true,1,false,1441,88.4166666667
54,4,15,5,100,100,"""3. perfect""","""random""",10,10,"""2 Levels""","""EM Algorithm""","""Soft Penalty""",true,1,false,1441,93.9131944444
55,4,15,5,100,100,"""3. perfect""","""random""",10,10,"""2 Levels""","""EM Algorithm""","""Soft Penalty""",true,1,false,1441,91.7279040404
56,4,15,5,100,100,"""3. perfect""","""random""",10,10,"""2 Levels""","""EM Algorithm""","""Soft Penalty""",true,1,false,1441,93.2487373737
57,4,15,5,100,100,"""3. perfect""","""random""",10,10,"""2 Levels""","""EM Algorithm""","""Soft Penalty""",true,1,false,1441,92.3316326531
59,4,15,5,100,100,"""3. perfect""","""random""",10,10,"""2 Levels""","""EM Algorithm""","""Soft Penalty""",true,1,false,1441,88.974914966
61,6,15,5,100,100,"""3. perfect""","""random""",10,10,"""2 Levels""","""EM Algorithm""","""Soft Penalty""",true,1,false,1441,95.8541666667
60,4,15,5,100,100,"""3. perfect""","""random""",10,10,"""2 Levels""","""EM Algorithm""","""Soft Penalty""",true,1,false,1441,90.829467354
58,4,15,5,100,100,"""3. perfect""","""random""",10,10,"""2 Levels""","""EM Algorithm""","""Soft Penalty""",true,1,false,1441,94.1041666667
62,6,15,5,100,100,"""3. perfect""","""random""",10,10,"""2 Levels""","""EM Algorithm""","""Soft Penalty""",true,1,false,1441,95.7493686869
63,6,15,5,100,100,"""3. perfect""","""random""",10,10,"""2 Levels""","""EM Algorithm""","""Soft Penalty""",true,1,false,1441,95.8333333333
64,6,15,5,100,100,"""3. perfect""","""random""",10,10,"""2 Levels""","""EM Algorithm""","""Soft Penalty""",true,1,false,1441,96.9375
65,6,15,5,100,100,"""3. perfect""","""random""",10,10,"""2 Levels""","""EM Algorithm""","""Soft Penalty""",true,1,false,1441,94.125
66,6,15,5,100,100,"""3. perfect""","""random""",10,10,"""2 Levels""","""EM Algorithm""","""Soft Penalty""",true,1,false,1441,97.5208333333
67,6,15,5,100,100,"""3. perfect""","""random""",10,10,"""2 Levels""","""EM Algorithm""","""Soft Penalty""",true,1,false,1441,97.9375
68,6,15,5,100,100,"""3. perfect""","""random""",10,10,"""2 Levels""","""EM Algorithm""","""Soft Penalty""",true,1,false,1441,95.4791666667
70,6,15,5,100,100,"""3. perfect""","""random""",10,10,"""2 Levels""","""EM Algorithm""","""Soft Penalty""",true,1,false,1441,93.5
69,6,15,5,100,100,"""3. perfect""","""random""",10,10,"""2 Levels""","""EM Algorithm""","""Soft Penalty""",true,1,false,1441,96.0208333333
71,6,15,5,100,100,"""3. perfect""","""random""",10,10,"""2 Levels""","""EM Algorithm""","""Soft Penalty""",true,1,false,1441,96.5208333333
72,6,15,5,100,100,"""3. perfect""","""random""",10,10,"""2 Levels""","""EM Algorithm""","""Soft Penalty""",true,1,false,1441,98.2291666667
73,6,15,5,100,100,"""3. perfect""","""random""",10,10,"""2 Levels""","""EM Algorithm""","""Soft Penalty""",true,1,false,1441,98.0416666667
74,6,15,5,100,100,"""3. perfect""","""random""",10,10,"""2 Levels""","""EM Algorithm""","""Soft Penalty""",true,1,false,1441,93.625
75,6,15,5,100,100,"""3. perfect""","""random""",10,10,"""2 Levels""","""EM Algorithm""","""Soft Penalty""",true,1,false,1441,92.9158249158
76,6,15,5,100,100,"""3. perfect""","""random""",10,10,"""2 Levels""","""EM Algorithm""","""Soft Penalty""",true,1,false,1441,90.1666666667
80,6,15,5,100,100,"""3. perfect""","""random""",10,10,"""2 Levels""","""EM Algorithm""","""Soft Penalty""",true,1,false,1441,90.9568602694
79,6,15,5,100,100,"""3. perfect""","""random""",10,10,"""2 Levels""","""EM Algorithm""","""Soft Penalty""",true,1,false,1441,94.0416666667
77,6,15,5,100,100,"""3. perfect""","""random""",10,10,"""2 Levels""","""EM Algorithm""","""Soft Penalty""",true,1,false,1441,92.6875
78,6,15,5,100,100,"""3. perfect""","""random""",10,10,"""2 Levels""","""EM Algorithm""","""Soft Penalty""",true,1,false,1441,98.2079081633
81,6,15,5,100,100,"""3. perfect""","""random""",10,10,"""2 Levels""","""EM Algorithm""","""Soft Penalty""",true,1,false,1441,99.3125
82,6,15,5,100,100,"""3. perfect""","""random""",10,10,"""2 Levels""","""EM Algorithm""","""Soft Penalty""",true,1,false,1441,92.3958333333
84,6,15,5,100,100,"""3. perfect""","""random""",10,10,"""2 Levels""","""EM Algorithm""","""Soft Penalty""",true,1,false,1441,96.5625
83,6,15,5,100,100,"""3. perfect""","""random""",10,10,"""2 Levels""","""EM Algorithm""","""Soft Penalty""",true,1,false,1441,95.6458333333
85,6,15,5,100,100,"""3. perfect""","""random""",10,10,"""2 Levels""","""EM Algorithm""","""Soft Penalty""",true,1,false,1441,93.625
86,6,15,5,100,100,"""3. perfect""","""random""",10,10,"""2 Levels""","""EM Algorithm""","""Soft Penalty""",true,1,false,1441,97.3541666667
87,6,15,5,100,100,"""3. perfect""","""random""",10,10,"""2 Levels""","""EM Algorithm""","""Soft Penalty""",true,1,false,1441,98.7708333333
88,6,15,5,100,100,"""3. perfect""","""random""",10,10,"""2 Levels""","""EM Algorithm""","""Soft Penalty""",true,1,false,1441,97.0208333333
89,6,15,5,100,100,"""3. perfect""","""random""",10,10,"""2 Levels""","""EM Algorithm""","""Soft Penalty""",true,1,false,1441,98.7083333333
90,6,15,5,100,100,"""3. perfect""","""random""",10,10,"""2 Levels""","""EM Algorithm""","""Soft Penalty""",true,1,false,1441,94.625
91,8,15,5,100,100,"""3. perfect""","""random""",10,10,"""2 Levels""","""EM Algorithm""","""Soft Penalty""",true,1,false,1441,98.5
92,8,15,5,100,100,"""3. perfect""","""random""",10,10,"""2 Levels""","""EM Algorithm""","""Soft Penalty""",true,1,false,1441,89.625
93,8,15,5,100,100,"""3. perfect""","""random""",10,10,"""2 Levels""","""EM Algorithm""","""Soft Penalty""",true,1,false,1441,98.6666666667
94,8,15,5,100,100,"""3. perfect""","""random""",10,10,"""2 Levels""","""EM Algorithm""","""Soft Penalty""",true,1,false,1441,98.3541666667
95,8,15,5,100,100,"""3. perfect""","""random""",10,10,"""2 Levels""","""EM Algorithm""","""Soft Penalty""",true,1,false,1441,99.4583333333
96,8,15,5,100,100,"""3. perfect""","""random""",10,10,"""2 Levels""","""EM Algorithm""","""Soft Penalty""",true,1,false,1441,99.9166666667
97,8,15,5,100,100,"""3. perfect""","""random""",10,10,"""2 Levels""","""EM Algorithm""","""Soft Penalty""",true,1,false,1441,99.5625
98,8,15,5,100,100,"""3. perfect""","""random""",10,10,"""2 Levels""","""EM Algorithm""","""Soft Penalty""",true,1,false,1441,99.8125
99,8,15,5,100,100,"""3. perfect""","""random""",10,10,"""2 Levels""","""EM Algorithm""","""Soft Penalty""",true,1,false,1441,99.2708333333
100,8,15,5,100,100,"""3. perfect""","""random""",10,10,"""2 Levels""","""EM Algorithm""","""Soft Penalty""",true,1,false,1441,98.2291666667
101,8,15,5,100,100,"""3. perfect""","""random""",10,10,"""2 Levels""","""EM Algorithm""","""Soft Penalty""",true,1,false,1441,99.6041666667
102,8,15,5,100,100,"""3. perfect""","""random""",10,10,"""2 Levels""","""EM Algorithm""","""Soft Penalty""",true,1,false,1441,99.7291666667
103,8,15,5,100,100,"""3. perfect""","""random""",10,10,"""2 Levels""","""EM Algorithm""","""Soft Penalty""",true,1,false,1441,99
105,8,15,5,100,100,"""3. perfect""","""random""",10,10,"""2 Levels""","""EM Algorithm""","""Soft Penalty""",true,1,false,1441,98.0416666667
104,8,15,5,100,100,"""3. perfect""","""random""",10,10,"""2 Levels""","""EM Algorithm""","""Soft Penalty""",true,1,false,1441,93.5208333333
106,8,15,5,100,100,"""3. perfect""","""random""",10,10,"""2 Levels""","""EM Algorithm""","""Soft Penalty""",true,1,false,1441,99.5416666667
107,8,15,5,100,100,"""3. perfect""","""random""",10,10,"""2 Levels""","""EM Algorithm""","""Soft Penalty""",true,1,false,1441,98.8125
109,8,15,5,100,100,"""3. perfect""","""random""",10,10,"""2 Levels""","""EM Algorithm""","""Soft Penalty""",true,1,false,1441,99.1041666667
108,8,15,5,100,100,"""3. perfect""","""random""",10,10,"""2 Levels""","""EM Algorithm""","""Soft Penalty""",true,1,false,1441,95.3333333333
110,8,15,5,100,100,"""3. perfect""","""random""",10,10,"""2 Levels""","""EM Algorithm""","""Soft Penalty""",true,1,false,1441,97.1458333333
111,8,15,5,100,100,"""3. perfect""","""random""",10,10,"""2 Levels""","""EM Algorithm""","""Soft Penalty""",true,1,false,1441,97.2916666667
112,8,15,5,100,100,"""3. perfect""","""random""",10,10,"""2 Levels""","""EM Algorithm""","""Soft Penalty""",true,1,false,1441,98.4166666667
114,8,15,5,100,100,"""3. perfect""","""random""",10,10,"""2 Levels""","""EM Algorithm""","""Soft Penalty""",true,1,false,1441,99.0208333333
113,8,15,5,100,100,"""3. perfect""","""random""",10,10,"""2 Levels""","""EM Algorithm""","""Soft Penalty""",true,1,false,1441,99.125
116,8,15,5,100,100,"""3. perfect""","""random""",10,10,"""2 Levels""","""EM Algorithm""","""Soft Penalty""",true,1,false,1441,99
115,8,15,5,100,100,"""3. perfect""","""random""",10,10,"""2 Levels""","""EM Algorithm""","""Soft Penalty""",true,1,false,1441,97.7916666667
117,8,15,5,100,100,"""3. perfect""","""random""",10,10,"""2 Levels""","""EM Algorithm""","""Soft Penalty""",true,1,false,1441,98.3125
118,8,15,5,100,100,"""3. perfect""","""random""",10,10,"""2 Levels""","""EM Algorithm""","""Soft Penalty""",true,1,false,1441,97.0416666667
119,8,15,5,100,100,"""3. perfect""","""random""",10,10,"""2 Levels""","""EM Algorithm""","""Soft Penalty""",true,1,false,1441,99.4166666667
120,8,15,5,100,100,"""3. perfect""","""random""",10,10,"""2 Levels""","""EM Algorithm""","""Soft Penalty""",true,1,false,1441,99.4583333333
121,10,15,5,100,100,"""3. perfect""","""random""",10,10,"""2 Levels""","""EM Algorithm""","""Soft Penalty""",true,1,false,1441,99.9583333333
122,10,15,5,100,100,"""3. perfect""","""random""",10,10,"""2 Levels""","""EM Algorithm""","""Soft Penalty""",true,1,false,1441,99.0833333333
123,10,15,5,100,100,"""3. perfect""","""random""",10,10,"""2 Levels""","""EM Algorithm""","""Soft Penalty""",true,1,false,1441,99.9166666667
124,10,15,5,100,100,"""3. perfect""","""random""",10,10,"""2 Levels""","""EM Algorithm""","""Soft Penalty""",true,1,false,1441,99.8541666667
125,10,15,5,100,100,"""3. perfect""","""random""",10,10,"""2 Levels""","""EM Algorithm""","""Soft Penalty""",true,1,false,1441,99.8958333333
126,10,15,5,100,100,"""3. perfect""","""random""",10,10,"""2 Levels""","""EM Algorithm""","""Soft Penalty""",true,1,false,1441,93.9375
127,10,15,5,100,100,"""3. perfect""","""random""",10,10,"""2 Levels""","""EM Algorithm""","""Soft Penalty""",true,1,false,1441,99.5
128,10,15,5,100,100,"""3. perfect""","""random""",10,10,"""2 Levels""","""EM Algorithm""","""Soft Penalty""",true,1,false,1441,97.0625
129,10,15,5,100,100,"""3. perfect""","""random""",10,10,"""2 Levels""","""EM Algorithm""","""Soft Penalty""",true,1,false,1441,99.1041666667
131,10,15,5,100,100,"""3. perfect""","""random""",10,10,"""2 Levels""","""EM Algorithm""","""Soft Penalty""",true,1,false,1441,98.7708333333
132,10,15,5,100,100,"""3. perfect""","""random""",10,10,"""2 Levels""","""EM Algorithm""","""Soft Penalty""",true,1,false,1441,99.8958333333
133,10,15,5,100,100,"""3. perfect""","""random""",10,10,"""2 Levels""","""EM Algorithm""","""Soft Penalty""",true,1,false,1441,99.9791666667
130,10,15,5,100,100,"""3. perfect""","""random""",10,10,"""2 Levels""","""EM Algorithm""","""Soft Penalty""",true,1,false,1441,99.7708333333
134,10,15,5,100,100,"""3. perfect""","""random""",10,10,"""2 Levels""","""EM Algorithm""","""Soft Penalty""",true,1,false,1441,99.6666666667
135,10,15,5,100,100,"""3. perfect""","""random""",10,10,"""2 Levels""","""EM Algorithm""","""Soft Penalty""",true,1,false,1441,99.6458333333
136,10,15,5,100,100,"""3. perfect""","""random""",10,10,"""2 Levels""","""EM Algorithm""","""Soft Penalty""",true,1,false,1441,99.7083333333
137,10,15,5,100,100,"""3. perfect""","""random""",10,10,"""2 Levels""","""EM Algorithm""","""Soft Penalty""",true,1,false,1441,99.1875
138,10,15,5,100,100,"""3. perfect""","""random""",10,10,"""2 Levels""","""EM Algorithm""","""Soft Penalty""",true,1,false,1441,99.6666666667
139,10,15,5,100,100,"""3. perfect""","""random""",10,10,"""2 Levels""","""EM Algorithm""","""Soft Penalty""",true,1,false,1441,99.9583333333
140,10,15,5,100,100,"""3. perfect""","""random""",10,10,"""2 Levels""","""EM Algorithm""","""Soft Penalty""",true,1,false,1441,99.6666666667
142,10,15,5,100,100,"""3. perfect""","""random""",10,10,"""2 Levels""","""EM Algorithm""","""Soft Penalty""",true,1,false,1441,100
141,10,15,5,100,100,"""3. perfect""","""random""",10,10,"""2 Levels""","""EM Algorithm""","""Soft Penalty""",true,1,false,1441,99.875
143,10,15,5,100,100,"""3. perfect""","""random""",10,10,"""2 Levels""","""EM Algorithm""","""Soft Penalty""",true,1,false,1441,94.8541666667
144,10,15,5,100,100,"""3. perfect""","""random""",10,10,"""2 Levels""","""EM Algorithm""","""Soft Penalty""",true,1,false,1441,99.1875
145,10,15,5,100,100,"""3. perfect""","""random""",10,10,"""2 Levels""","""EM Algorithm""","""Soft Penalty""",true,1,false,1441,99.125
146,10,15,5,100,100,"""3. perfect""","""random""",10,10,"""2 Levels""","""EM Algorithm""","""Soft Penalty""",true,1,false,1441,99.8958333333
147,10,15,5,100,100,"""3. perfect""","""random""",10,10,"""2 Levels""","""EM Algorithm""","""Soft Penalty""",true,1,false,1441,99.8541666667
148,10,15,5,100,100,"""3. perfect""","""random""",10,10,"""2 Levels""","""EM Algorithm""","""Soft Penalty""",true,1,false,1441,99.1666666667
149,10,15,5,100,100,"""3. perfect""","""random""",10,10,"""2 Levels""","""EM Algorithm""","""Soft Penalty""",true,1,false,1441,99.6458333333
151,12,15,5,100,100,"""3. perfect""","""random""",10,10,"""2 Levels""","""EM Algorithm""","""Soft Penalty""",true,1,false,1441,99.9791666667
150,10,15,5,100,100,"""3. perfect""","""random""",10,10,"""2 Levels""","""EM Algorithm""","""Soft Penalty""",true,1,false,1441,97.7708333333
152,12,15,5,100,100,"""3. perfect""","""random""",10,10,"""2 Levels""","""EM Algorithm""","""Soft Penalty""",true,1,false,1441,100
153,12,15,5,100,100,"""3. perfect""","""random""",10,10,"""2 Levels""","""EM Algorithm""","""Soft Penalty""",true,1,false,1441,99.7916666667
154,12,15,5,100,100,"""3. perfect""","""random""",10,10,"""2 Levels""","""EM Algorithm""","""Soft Penalty""",true,1,false,1441,96.7083333333
155,12,15,5,100,100,"""3. perfect""","""random""",10,10,"""2 Levels""","""EM Algorithm""","""Soft Penalty""",true,1,false,1441,99.5208333333
156,12,15,5,100,100,"""3. perfect""","""random""",10,10,"""2 Levels""","""EM Algorithm""","""Soft Penalty""",true,1,false,1441,99.9166666667
157,12,15,5,100,100,"""3. perfect""","""random""",10,10,"""2 Levels""","""EM Algorithm""","""Soft Penalty""",true,1,false,1441,100
158,12,15,5,100,100,"""3. perfect""","""random""",10,10,"""2 Levels""","""EM Algorithm""","""Soft Penalty""",true,1,false,1441,100
160,12,15,5,100,100,"""3. perfect""","""random""",10,10,"""2 Levels""","""EM Algorithm""","""Soft Penalty""",true,1,false,1441,99.0416666667
159,12,15,5,100,100,"""3. perfect""","""random""",10,10,"""2 Levels""","""EM Algorithm""","""Soft Penalty""",true,1,false,1441,99.9583333333
161,12,15,5,100,100,"""3. perfect""","""random""",10,10,"""2 Levels""","""EM Algorithm""","""Soft Penalty""",true,1,false,1441,95.4791666667
162,12,15,5,100,100,"""3. perfect""","""random""",10,10,"""2 Levels""","""EM Algorithm""","""Soft Penalty""",true,1,false,1441,99.7708333333
163,12,15,5,100,100,"""3. perfect""","""random""",10,10,"""2 Levels""","""EM Algorithm""","""Soft Penalty""",true,1,false,1441,98.9375
164,12,15,5,100,100,"""3. perfect""","""random""",10,10,"""2 Levels""","""EM Algorithm""","""Soft Penalty""",true,1,false,1441,100
165,12,15,5,100,100,"""3. perfect""","""random""",10,10,"""2 Levels""","""EM Algorithm""","""Soft Penalty""",true,1,false,1441,98.7291666667
166,12,15,5,100,100,"""3. perfect""","""random""",10,10,"""2 Levels""","""EM Algorithm""","""Soft Penalty""",true,1,false,1441,99.9791666667
167,12,15,5,100,100,"""3. perfect""","""random""",10,10,"""2 Levels""","""EM Algorithm""","""Soft Penalty""",true,1,false,1441,100
169,12,15,5,100,100,"""3. perfect""","""random""",10,10,"""2 Levels""","""EM Algorithm""","""Soft Penalty""",true,1,false,1441,99.8541666667
168,12,15,5,100,100,"""3. perfect""","""random""",10,10,"""2 Levels""","""EM Algorithm""","""Soft Penalty""",true,1,false,1441,100
170,12,15,5,100,100,"""3. perfect""","""random""",10,10,"""2 Levels""","""EM Algorithm""","""Soft Penalty""",true,1,false,1441,99.9791666667
171,12,15,5,100,100,"""3. perfect""","""random""",10,10,"""2 Levels""","""EM Algorithm""","""Soft Penalty""",true,1,false,1441,99.8958333333
172,12,15,5,100,100,"""3. perfect""","""random""",10,10,"""2 Levels""","""EM Algorithm""","""Soft Penalty""",true,1,false,1441,100
173,12,15,5,100,100,"""3. perfect""","""random""",10,10,"""2 Levels""","""EM Algorithm""","""Soft Penalty""",true,1,false,1441,99.875
174,12,15,5,100,100,"""3. perfect""","""random""",10,10,"""2 Levels""","""EM Algorithm""","""Soft Penalty""",true,1,false,1441,100
175,12,15,5,100,100,"""3. perfect""","""random""",10,10,"""2 Levels""","""EM Algorithm""","""Soft Penalty""",true,1,false,1441,99.9583333333
176,12,15,5,100,100,"""3. perfect""","""random""",10,10,"""2 Levels""","""EM Algorithm""","""Soft Penalty""",true,1,false,1441,99.9375
178,12,15,5,100,100,"""3. perfect""","""random""",10,10,"""2 Levels""","""EM Algorithm""","""Soft Penalty""",true,1,false,1441,99.9791666667
179,12,15,5,100,100,"""3. perfect""","""random""",10,10,"""2 Levels""","""EM Algorithm""","""Soft Penalty""",true,1,false,1441,99.8541666667
177,12,15,5,100,100,"""3. perfect""","""random""",10,10,"""2 Levels""","""EM Algorithm""","""Soft Penalty""",true,1,false,1441,100
180,12,15,5,100,100,"""3. perfect""","""random""",10,10,"""2 Levels""","""EM Algorithm""","""Soft Penalty""",true,1,false,1441,97.7708333333
6,14,15,5,100,100,"""3. perfect""","""random""",10,10,"""2 Levels""","""EM Algorithm""","""Soft Penalty""",true,1,false,1441,100
5,14,15,5,100,100,"""3. perfect""","""random""",10,10,"""2 Levels""","""EM Algorithm""","""Soft Penalty""",true,1,false,1441,99.5416666667
7,14,15,5,100,100,"""3. perfect""","""random""",10,10,"""2 Levels""","""EM Algorithm""","""Soft Penalty""",true,1,false,1441,100
8,14,15,5,100,100,"""3. perfect""","""random""",10,10,"""2 Levels""","""EM Algorithm""","""Soft Penalty""",true,1,false,1441,100
2,14,15,5,100,100,"""3. perfect""","""random""",10,10,"""2 Levels""","""EM Algorithm""","""Soft Penalty""",true,1,false,1441,99.9791666667
4,14,15,5,100,100,"""3. perfect""","""random""",10,10,"""2 Levels""","""EM Algorithm""","""Soft Penalty""",true,1,false,1441,100
3,14,15,5,100,100,"""3. perfect""","""random""",10,10,"""2 Levels""","""EM Algorithm""","""Soft Penalty""",true,1,false,1441,100
1,14,15,5,100,100,"""3. perfect""","""random""",10,10,"""2 Levels""","""EM Algorithm""","""Soft Penalty""",true,1,false,1441,100
9,14,15,5,100,100,"""3. perfect""","""random""",10,10,"""2 Levels""","""EM Algorithm""","""Soft Penalty""",true,1,false,1441,100
10,14,15,5,100,100,"""3. perfect""","""random""",10,10,"""2 Levels""","""EM Algorithm""","""Soft Penalty""",true,1,false,1441,99.9791666667
13,14,15,5,100,100,"""3. perfect""","""random""",10,10,"""2 Levels""","""EM Algorithm""","""Soft Penalty""",true,1,false,1441,99.9791666667
11,14,15,5,100,100,"""3. perfect""","""random""",10,10,"""2 Levels""","""EM Algorithm""","""Soft Penalty""",true,1,false,1441,99.9583333333
12,14,15,5,100,100,"""3. perfect""","""random""",10,10,"""2 Levels""","""EM Algorithm""","""Soft Penalty""",true,1,false,1441,99.9166666667
15,14,15,5,100,100,"""3. perfect""","""random""",10,10,"""2 Levels""","""EM Algorithm""","""Soft Penalty""",true,1,false,1441,100
14,14,15,5,100,100,"""3. perfect""","""random""",10,10,"""2 Levels""","""EM Algorithm""","""Soft Penalty""",true,1,false,1441,99.9166666667
16,14,15,5,100,100,"""3. perfect""","""random""",10,10,"""2 Levels""","""EM Algorithm""","""Soft Penalty""",true,1,false,1441,100
19,14,15,5,100,100,"""3. perfect""","""random""",10,10,"""2 Levels""","""EM Algorithm""","""Soft Penalty""",true,1,false,1441,99.9791666667
18,14,15,5,100,100,"""3. perfect""","""random""",10,10,"""2 Levels""","""EM Algorithm""","""Soft Penalty""",true,1,false,1441,100
17,14,15,5,100,100,"""3. perfect""","""random""",10,10,"""2 Levels""","""EM Algorithm""","""Soft Penalty""",true,1,false,1441,98.125
20,14,15,5,100,100,"""3. perfect""","""random""",10,10,"""2 Levels""","""EM Algorithm""","""Soft Penalty""",true,1,false,1441,100
21,14,15,5,100,100,"""3. perfect""","""random""",10,10,"""2 Levels""","""EM Algorithm""","""Soft Penalty""",true,1,false,1441,99.875
23,14,15,5,100,100,"""3. perfect""","""random""",10,10,"""2 Levels""","""EM Algorithm""","""Soft Penalty""",true,1,false,1441,95.7291666667
22,14,15,5,100,100,"""3. perfect""","""random""",10,10,"""2 Levels""","""EM Algorithm""","""Soft Penalty""",true,1,false,1441,100
24,14,15,5,100,100,"""3. perfect""","""random""",10,10,"""2 Levels""","""EM Algorithm""","""Soft Penalty""",true,1,false,1441,99.9583333333
25,14,15,5,100,100,"""3. perfect""","""random""",10,10,"""2 Levels""","""EM Algorithm""","""Soft Penalty""",true,1,false,1441,99.9791666667
27,14,15,5,100,100,"""3. perfect""","""random""",10,10,"""2 Levels""","""EM Algorithm""","""Soft Penalty""",true,1,false,1441,99.8958333333
26,14,15,5,100,100,"""3. perfect""","""random""",10,10,"""2 Levels""","""EM Algorithm""","""Soft Penalty""",true,1,false,1441,100
29,14,15,5,100,100,"""3. perfect""","""random""",10,10,"""2 Levels""","""EM Algorithm""","""Soft Penalty""",true,1,false,1441,100
28,14,15,5,100,100,"""3. perfect""","""random""",10,10,"""2 Levels""","""EM Algorithm""","""Soft Penalty""",true,1,false,1441,99.9791666667
30,14,15,5,100,100,"""3. perfect""","""random""",10,10,"""2 Levels""","""EM Algorithm""","""Soft Penalty""",true,1,false,1441,99.8541666667
31,16,15,5,100,100,"""3. perfect""","""random""",10,10,"""2 Levels""","""EM Algorithm""","""Soft Penalty""",true,1,false,1441,100
33,16,15,5,100,100,"""3. perfect""","""random""",10,10,"""2 Levels""","""EM Algorithm""","""Soft Penalty""",true,1,false,1441,99.8958333333
34,16,15,5,100,100,"""3. perfect""","""random""",10,10,"""2 Levels""","""EM Algorithm""","""Soft Penalty""",true,1,false,1441,100
35,16,15,5,100,100,"""3. perfect""","""random""",10,10,"""2 Levels""","""EM Algorithm""","""Soft Penalty""",true,1,false,1441,100
32,16,15,5,100,100,"""3. perfect""","""random""",10,10,"""2 Levels""","""EM Algorithm""","""Soft Penalty""",true,1,false,1441,99.9791666667
37,16,15,5,100,100,"""3. perfect""","""random""",10,10,"""2 Levels""","""EM Algorithm""","""Soft Penalty""",true,1,false,1441,100
36,16,15,5,100,100,"""3. perfect""","""random""",10,10,"""2 Levels""","""EM Algorithm""","""Soft Penalty""",true,1,false,1441,100
38,16,15,5,100,100,"""3. perfect""","""random""",10,10,"""2 Levels""","""EM Algorithm""","""Soft Penalty""",true,1,false,1441,99.9166666667
39,16,15,5,100,100,"""3. perfect""","""random""",10,10,"""2 Levels""","""EM Algorithm""","""Soft Penalty""",true,1,false,1441,99.9583333333
40,16,15,5,100,100,"""3. perfect""","""random""",10,10,"""2 Levels""","""EM Algorithm""","""Soft Penalty""",true,1,false,1441,99.7083333333
42,16,15,5,100,100,"""3. perfect""","""random""",10,10,"""2 Levels""","""EM Algorithm""","""Soft Penalty""",true,1,false,1441,99.9375
41,16,15,5,100,100,"""3. perfect""","""random""",10,10,"""2 Levels""","""EM Algorithm""","""Soft Penalty""",true,1,false,1441,100
43,16,15,5,100,100,"""3. perfect""","""random""",10,10,"""2 Levels""","""EM Algorithm""","""Soft Penalty""",true,1,false,1441,100
45,16,15,5,100,100,"""3. perfect""","""random""",10,10,"""2 Levels""","""EM Algorithm""","""Soft Penalty""",true,1,false,1441,99.7916666667
46,16,15,5,100,100,"""3. perfect""","""random""",10,10,"""2 Levels""","""EM Algorithm""","""Soft Penalty""",true,1,false,1441,100
44,16,15,5,100,100,"""3. perfect""","""random""",10,10,"""2 Levels""","""EM Algorithm""","""Soft Penalty""",true,1,false,1441,100
47,16,15,5,100,100,"""3. perfect""","""random""",10,10,"""2 Levels""","""EM Algorithm""","""Soft Penalty""",true,1,false,1441,99.9583333333
48,16,15,5,100,100,"""3. perfect""","""random""",10,10,"""2 Levels""","""EM Algorithm""","""Soft Penalty""",true,1,false,1441,100
49,16,15,5,100,100,"""3. perfect""","""random""",10,10,"""2 Levels""","""EM Algorithm""","""Soft Penalty""",true,1,false,1441,100
50,16,15,5,100,100,"""3. perfect""","""random""",10,10,"""2 Levels""","""EM Algorithm""","""Soft Penalty""",true,1,false,1441,100
52,16,15,5,100,100,"""3. perfect""","""random""",10,10,"""2 Levels""","""EM Algorithm""","""Soft Penalty""",true,1,false,1441,100
53,16,15,5,100,100,"""3. perfect""","""random""",10,10,"""2 Levels""","""EM Algorithm""","""Soft Penalty""",true,1,false,1441,98.3541666667
54,16,15,5,100,100,"""3. perfect""","""random""",10,10,"""2 Levels""","""EM Algorithm""","""Soft Penalty""",true,1,false,1441,100
55,16,15,5,100,100,"""3. perfect""","""random""",10,10,"""2 Levels""","""EM Algorithm""","""Soft Penalty""",true,1,false,1441,99.9583333333
51,16,15,5,100,100,"""3. perfect""","""random""",10,10,"""2 Levels""","""EM Algorithm""","""Soft Penalty""",true,1,false,1441,100
57,16,15,5,100,100,"""3. perfect""","""random""",10,10,"""2 Levels""","""EM Algorithm""","""Soft Penalty""",true,1,false,1441,99.9583333333
56,16,15,5,100,100,"""3. perfect""","""random""",10,10,"""2 Levels""","""EM Algorithm""","""Soft Penalty""",true,1,false,1441,99.9583333333
58,16,15,5,100,100,"""3. perfect""","""random""",10,10,"""2 Levels""","""EM Algorithm""","""Soft Penalty""",true,1,false,1441,100
59,16,15,5,100,100,"""3. perfect""","""random""",10,10,"""2 Levels""","""EM Algorithm""","""Soft Penalty""",true,1,false,1441,100
60,16,15,5,100,100,"""3. perfect""","""random""",10,10,"""2 Levels""","""EM Algorithm""","""Soft Penalty""",true,1,false,1441,100
